deployment,worker_count,concurrency,mode,run_index,request_index,prefix_group,status,error,http_status,backend,route_reason,backend_outstanding_at_route,queue_depth_at_route,input_tokens,requested_output_tokens,output_tokens,ttft_seconds,tpot_seconds,e2e_seconds
aws-a10g-4gpu,4,1,sequential,0,0,0,ok,,200,worker-2,prefix_affinity,1,0,512,128,128,0.04616419199987831,0.03419216342519655,4.38856894699984
aws-a10g-4gpu,4,1,sequential,1,0,0,ok,,200,worker-2,prefix_affinity,1,0,512,128,128,0.04537200499999017,0.03419391604724454,4.387999343000047
aws-a10g-4gpu,4,1,sequential,2,0,0,ok,,200,worker-2,prefix_affinity,1,0,512,128,128,0.05022659399992335,0.034156507409448304,4.388103034999858
aws-a10g-4gpu,4,1,sequential,3,0,0,ok,,200,worker-2,prefix_affinity,1,0,512,128,128,0.045604590000039025,0.03419448818897577,4.3883045899999615
aws-a10g-4gpu,4,1,sequential,4,0,0,ok,,200,worker-2,prefix_affinity,1,0,512,128,128,0.04554345800011106,0.03419648815748036,4.388497454000117
aws-a10g-4gpu,4,8,continuous,0,0,0,ok,,200,worker-2,prefix_affinity,1,0,512,128,128,0.05111804300008771,0.0359101257559048,4.611704013999997
aws-a10g-4gpu,4,8,continuous,0,1,1,ok,,200,worker-1,prefix_affinity,1,0,512,128,128,0.051744315000178176,0.035907282464566335,4.611969188000103
aws-a10g-4gpu,4,8,continuous,0,2,2,ok,,200,worker-0,prefix_affinity,3,2,512,128,128,0.09965046299998903,0.03632664196850346,4.7131339929999285
aws-a10g-4gpu,4,8,continuous,0,3,3,ok,,200,worker-0,prefix_affinity,2,1,512,128,128,0.09945304899997609,0.036327072921260084,4.712991310000007
aws-a10g-4gpu,4,8,continuous,0,4,0,ok,,200,worker-2,prefix_affinity,2,1,512,128,128,0.08795556400013993,0.03586512468503917,4.642826399000114
aws-a10g-4gpu,4,8,continuous,0,5,1,ok,,200,worker-1,prefix_affinity,2,1,512,128,128,0.08897097500016571,0.03586071356692907,4.643281598000158
aws-a10g-4gpu,4,8,continuous,0,6,2,ok,,200,worker-3,affinity_overridden_by_load,1,0,512,128,128,0.16135095100003127,0.034198458464567996,4.504555176000167
aws-a10g-4gpu,4,8,continuous,0,7,3,ok,,200,worker-0,prefix_affinity,1,0,512,128,128,0.054565342999921995,0.03637708614960717,4.674455284000032
aws-a10g-4gpu,4,8,continuous,1,0,0,ok,,200,worker-2,prefix_affinity,1,0,512,128,128,0.05020428499983609,0.03590890548819008,4.610635281999976
aws-a10g-4gpu,4,8,continuous,1,1,1,ok,,200,worker-1,prefix_affinity,1,0,512,128,128,0.05083237700000609,0.03588961013385923,4.608812864000129
aws-a10g-4gpu,4,8,continuous,1,2,2,ok,,200,worker-0,prefix_affinity,3,2,512,128,128,0.10065492400008225,0.036389033157479565,4.722062134999987
aws-a10g-4gpu,4,8,continuous,1,3,3,ok,,200,worker-0,prefix_affinity,2,1,512,128,128,0.09971328400001767,0.036389461125983555,4.721174846999929
aws-a10g-4gpu,4,8,continuous,1,4,0,ok,,200,worker-2,prefix_affinity,2,1,512,128,128,0.08724787000005563,0.03586767803149517,4.642442979999942
aws-a10g-4gpu,4,8,continuous,1,5,1,ok,,200,worker-1,prefix_affinity,2,1,512,128,128,0.1219856489999529,0.035846872023621544,4.674538395999889
aws-a10g-4gpu,4,8,continuous,1,6,2,ok,,200,worker-3,affinity_overridden_by_load,1,0,512,128,128,0.05725343800008886,0.03419791380314936,4.400388491000058
aws-a10g-4gpu,4,8,continuous,1,7,3,ok,,200,worker-0,prefix_affinity,1,0,512,128,128,0.05553927300002215,0.036437299740157865,4.683076340000071
aws-a10g-4gpu,4,8,continuous,2,0,0,ok,,200,worker-2,prefix_affinity,1,0,512,128,128,0.05013995299987073,0.035908576574804,4.610529177999979
aws-a10g-4gpu,4,8,continuous,2,1,1,ok,,200,worker-1,prefix_affinity,1,0,512,128,128,0.050932128999875204,0.03588967429921353,4.6089207649999935
aws-a10g-4gpu,4,8,continuous,2,2,2,ok,,200,worker-0,prefix_affinity,3,2,512,128,128,0.1014536400000452,0.03639096145669344,4.723105745000112
aws-a10g-4gpu,4,8,continuous,2,3,3,ok,,200,worker-0,prefix_affinity,2,1,512,128,128,0.10054234199992607,0.03639107051181123,4.722208296999952
aws-a10g-4gpu,4,8,continuous,2,4,0,ok,,200,worker-2,prefix_affinity,2,1,512,128,128,0.08745322400000077,0.035859906606298515,4.641661362999912
aws-a10g-4gpu,4,8,continuous,2,5,1,ok,,200,worker-1,prefix_affinity,2,1,512,128,128,0.12282773600009023,0.035840868417321904,4.6746180249999725
aws-a10g-4gpu,4,8,continuous,2,6,2,ok,,200,worker-3,affinity_overridden_by_load,1,0,512,128,128,0.05777234799984399,0.03420083393700769,4.40127825799982
aws-a10g-4gpu,4,8,continuous,2,7,3,ok,,200,worker-0,prefix_affinity,1,0,512,128,128,0.05677224800001568,0.03643544779527646,4.684074118000126
aws-a10g-4gpu,4,8,continuous,3,0,0,ok,,200,worker-2,prefix_affinity,1,0,512,128,128,0.05058094199989682,0.035911073700787714,4.611287301999937
aws-a10g-4gpu,4,8,continuous,3,1,1,ok,,200,worker-1,prefix_affinity,1,0,512,128,128,0.051441999999951804,0.03590646179527611,4.611562648000017
aws-a10g-4gpu,4,8,continuous,3,2,2,ok,,200,worker-0,prefix_affinity,3,2,512,128,128,0.10115692399995169,0.03638660899212582,4.722256265999931
aws-a10g-4gpu,4,8,continuous,3,3,3,ok,,200,worker-0,prefix_affinity,2,1,512,128,128,0.10026306600002499,0.03638662954330622,4.721365017999915
aws-a10g-4gpu,4,8,continuous,3,4,0,ok,,200,worker-2,prefix_affinity,2,1,512,128,128,0.08770060899996679,0.035872083228345376,4.6434551789998295
aws-a10g-4gpu,4,8,continuous,3,5,1,ok,,200,worker-1,prefix_affinity,2,1,512,128,128,0.08867014900010872,0.035897440118109386,4.647645044000001
aws-a10g-4gpu,4,8,continuous,3,6,2,ok,,200,worker-3,affinity_overridden_by_load,1,0,512,128,128,0.057579165000106514,0.03420020800787438,4.401005582000153
aws-a10g-4gpu,4,8,continuous,3,7,3,ok,,200,worker-0,prefix_affinity,1,0,512,128,128,0.05659689399999479,0.03643498683464627,4.683840222000072
aws-a10g-4gpu,4,8,continuous,4,0,0,ok,,200,worker-2,prefix_affinity,1,0,512,128,128,0.050648504000037065,0.03591192144094426,4.611462526999958
aws-a10g-4gpu,4,8,continuous,4,1,1,ok,,200,worker-1,prefix_affinity,1,0,512,128,128,0.05177676599987535,0.03589352075590523,4.61025390199984
aws-a10g-4gpu,4,8,continuous,4,2,2,ok,,200,worker-0,prefix_affinity,3,2,512,128,128,0.10080837700002121,0.03632400349606291,4.713956821000011
aws-a10g-4gpu,4,8,continuous,4,3,3,ok,,200,worker-0,prefix_affinity,2,1,512,128,128,0.10068751500011786,0.0363239902677167,4.713834279000139
aws-a10g-4gpu,4,8,continuous,4,4,0,ok,,200,worker-2,prefix_affinity,2,1,512,128,128,0.08766974900004243,0.03586244792126036,4.642200635000108
aws-a10g-4gpu,4,8,continuous,4,5,1,ok,,200,worker-1,prefix_affinity,2,1,512,128,128,0.12318571400010114,0.035844569763779456,4.675446074000092
aws-a10g-4gpu,4,8,continuous,4,6,2,ok,,200,worker-3,affinity_overridden_by_load,1,0,512,128,128,0.058555524999974295,0.03419382525196952,4.401171332000104
aws-a10g-4gpu,4,8,continuous,4,7,3,ok,,200,worker-0,prefix_affinity,1,0,512,128,128,0.05614851600012116,0.036375323590550755,4.675814612000067
aws-a10g-4gpu,4,16,continuous,0,0,0,ok,,200,worker-2,prefix_affinity,1,0,512,128,128,0.05721617800008971,0.03639990164566822,4.680003686999953
aws-a10g-4gpu,4,16,continuous,0,1,1,ok,,200,worker-1,prefix_affinity,1,0,512,128,128,0.05785772200010797,0.036348216181102,4.674081177000062
aws-a10g-4gpu,4,16,continuous,0,2,2,ok,,200,worker-0,prefix_affinity,5,4,512,128,128,0.14671731799990084,0.03683473785039367,4.824729024999897
aws-a10g-4gpu,4,16,continuous,0,3,3,ok,,200,worker-0,prefix_affinity,2,1,512,128,128,0.10299154399990584,0.03689824803937008,4.789069044999906
aws-a10g-4gpu,4,16,continuous,0,4,0,ok,,200,worker-2,prefix_affinity,2,1,512,128,128,0.09296104899999591,0.036382287110236,4.713511511999968
aws-a10g-4gpu,4,16,continuous,0,5,1,ok,,200,worker-1,prefix_affinity,3,2,512,128,128,0.13304194800002733,0.03631600378740071,4.745174428999917
aws-a10g-4gpu,4,16,continuous,0,6,2,ok,,200,worker-0,prefix_affinity,3,2,512,128,128,0.10062418600000456,0.036896465015748316,4.786475243000041
aws-a10g-4gpu,4,16,continuous,0,7,3,ok,,200,worker-0,prefix_affinity,1,0,512,128,128,0.05844311300006666,0.03695381760629842,4.751577948999966
aws-a10g-4gpu,4,16,continuous,0,8,0,ok,,200,worker-2,prefix_affinity,4,3,512,128,128,0.1329763759999878,0.03634931951181196,4.7493399540001064
aws-a10g-4gpu,4,16,continuous,0,9,1,ok,,200,worker-1,prefix_affinity,4,3,512,128,128,0.131307101999937,0.036324731685040454,4.744548026000075
aws-a10g-4gpu,4,16,continuous,0,10,2,ok,,200,worker-0,prefix_affinity,4,3,512,128,128,0.14143636899984813,0.03683209448818913,4.819112368999868
aws-a10g-4gpu,4,16,continuous,0,11,3,ok,,200,worker-3,affinity_overridden_by_load,1,0,512,128,128,0.06512210000005325,0.03640624137795306,4.688714755000092
aws-a10g-4gpu,4,16,continuous,0,12,0,ok,,200,worker-2,prefix_affinity,3,2,512,128,128,0.13116882000008445,0.03635046543307027,4.747677930000009
aws-a10g-4gpu,4,16,continuous,0,13,1,ok,,200,worker-1,prefix_affinity,2,1,512,128,128,0.12861349799982236,0.03632314030708793,4.741652316999989
aws-a10g-4gpu,4,16,continuous,0,14,2,ok,,200,worker-3,affinity_overridden_by_load,3,2,512,128,128,0.1429245599999831,0.036337338393700624,4.757766535999963
aws-a10g-4gpu,4,16,continuous,0,15,3,ok,,200,worker-3,affinity_overridden_by_load,2,1,512,128,128,0.10146235299998807,0.03642318848818918,4.727207291000013
aws-a10g-4gpu,4,16,continuous,1,0,0,ok,,200,worker-2,prefix_affinity,1,0,512,128,128,0.05765936800003146,0.036399041944881125,4.680337694999935
aws-a10g-4gpu,4,16,continuous,1,1,1,ok,,200,worker-1,prefix_affinity,1,0,512,128,128,0.05984160200000588,0.036350449275590745,4.676348660000031
aws-a10g-4gpu,4,16,continuous,1,2,2,ok,,200,worker-0,prefix_affinity,5,4,512,128,128,0.14982414099995367,0.03682644420472406,4.826782554999909
aws-a10g-4gpu,4,16,continuous,1,3,3,ok,,200,worker-0,prefix_affinity,2,1,512,128,128,0.10652732600010495,0.03688574685039263,4.7910171759999685
aws-a10g-4gpu,4,16,continuous,1,4,0,ok,,200,worker-2,prefix_affinity,2,1,512,128,128,0.09388405800018518,0.036379081842519874,4.7140274520002095
aws-a10g-4gpu,4,16,continuous,1,5,1,ok,,200,worker-1,prefix_affinity,3,2,512,128,128,0.13442272599991156,0.03632200230708625,4.7473170189998655
aws-a10g-4gpu,4,16,continuous,1,6,2,ok,,200,worker-0,prefix_affinity,3,2,512,128,128,0.10438021200002368,0.036885087149606643,4.788786280000068
aws-a10g-4gpu,4,16,continuous,1,7,3,ok,,200,worker-0,prefix_affinity,1,0,512,128,128,0.06195758599983492,0.03692846087401664,4.751872116999948
aws-a10g-4gpu,4,16,continuous,1,8,0,ok,,200,worker-2,prefix_affinity,4,3,512,128,128,0.13454469899988908,0.036329046952757175,4.74833366200005
aws-a10g-4gpu,4,16,continuous,1,9,1,ok,,200,worker-1,prefix_affinity,4,3,512,128,128,0.13288373499995032,0.03632418220472501,4.746054875000027
aws-a10g-4gpu,4,16,continuous,1,10,2,ok,,200,worker-0,prefix_affinity,4,3,512,128,128,0.1449118800001088,0.036824751181101185,4.821655279999959
aws-a10g-4gpu,4,16,continuous,1,11,3,ok,,200,worker-3,affinity_overridden_by_load,1,0,512,128,128,0.06969283400007953,0.03641738835433068,4.694701155000075
aws-a10g-4gpu,4,16,continuous,1,12,0,ok,,200,worker-2,prefix_affinity,3,2,512,128,128,0.13251279699989027,0.03633001974015845,4.746425304000013
aws-a10g-4gpu,4,16,continuous,1,13,1,ok,,200,worker-1,prefix_affinity,2,1,512,128,128,0.13026497100008783,0.036321550960629674,4.743101943000056
aws-a10g-4gpu,4,16,continuous,1,14,2,ok,,200,worker-3,affinity_overridden_by_load,3,2,512,128,128,0.1474861020001299,0.03633410622834649,4.761917593000135
aws-a10g-4gpu,4,16,continuous,1,15,3,ok,,200,worker-3,affinity_overridden_by_load,2,1,512,128,128,0.10692149400006201,0.036381613905512596,4.727386460000162
aws-a10g-4gpu,4,16,continuous,2,0,0,ok,,200,worker-2,prefix_affinity,1,0,512,128,128,0.05687930700014476,0.0363962115196844,4.679198170000063
aws-a10g-4gpu,4,16,continuous,2,1,1,ok,,200,worker-1,prefix_affinity,1,0,512,128,128,0.05706988199995067,0.03635152460629962,4.673713507000002
aws-a10g-4gpu,4,16,continuous,2,2,2,ok,,200,worker-0,prefix_affinity,5,4,512,128,128,0.1463598479999746,0.03683340798425086,4.824202661999834
aws-a10g-4gpu,4,16,continuous,2,3,3,ok,,200,worker-0,prefix_affinity,2,1,512,128,128,0.10313713000005009,0.036888507251968426,4.78797755100004
aws-a10g-4gpu,4,16,continuous,2,4,0,ok,,200,worker-2,prefix_affinity,2,1,512,128,128,0.09295190400007414,0.036379001236220905,4.713085061000129
aws-a10g-4gpu,4,16,continuous,2,5,1,ok,,200,worker-1,prefix_affinity,3,2,512,128,128,0.1319924130000345,0.03631263922834585,4.743697594999958
aws-a10g-4gpu,4,16,continuous,2,6,2,ok,,200,worker-0,prefix_affinity,3,2,512,128,128,0.101004125000145,0.03688728470078643,4.785689282000021
aws-a10g-4gpu,4,16,continuous,2,7,3,ok,,200,worker-0,prefix_affinity,1,0,512,128,128,0.05880796899987217,0.036967196204725085,4.753641886999958
aws-a10g-4gpu,4,16,continuous,2,8,0,ok,,200,worker-2,prefix_affinity,4,3,512,128,128,0.133693108999978,0.036366335889764324,4.752217767000047
aws-a10g-4gpu,4,16,continuous,2,9,1,ok,,200,worker-1,prefix_affinity,4,3,512,128,128,0.1304459999998926,0.036319443149605425,4.743015279999781
aws-a10g-4gpu,4,16,continuous,2,10,2,ok,,200,worker-0,prefix_affinity,4,3,512,128,128,0.14128092000009929,0.036832719307085426,4.819036271999948
aws-a10g-4gpu,4,16,continuous,2,11,3,ok,,200,worker-3,affinity_overridden_by_load,1,0,512,128,128,0.0662537370001246,0.03639612322047104,4.688561385999947
aws-a10g-4gpu,4,16,continuous,2,12,0,ok,,200,worker-2,prefix_affinity,3,2,512,128,128,0.13176536799983296,0.036366545669291615,4.7503166679998685
aws-a10g-4gpu,4,16,continuous,2,13,1,ok,,200,worker-1,prefix_affinity,2,1,512,128,128,0.12757092900005773,0.036320720181102724,4.740302392000103
aws-a10g-4gpu,4,16,continuous,2,14,2,ok,,200,worker-3,affinity_overridden_by_load,3,2,512,128,128,0.10698895199993785,0.0363476555039382,4.7231412010000895
aws-a10g-4gpu,4,16,continuous,2,15,3,ok,,200,worker-3,affinity_overridden_by_load,2,1,512,128,128,0.10602181199988081,0.03634647752755882,4.722024457999851
aws-a10g-4gpu,4,16,continuous,3,0,0,ok,,200,worker-2,prefix_affinity,1,0,512,128,128,0.0581480680000368,0.036397556385827916,4.680637729000182
aws-a10g-4gpu,4,16,continuous,3,1,1,ok,,200,worker-1,prefix_affinity,1,0,512,128,128,0.05994145500017112,0.036349310590549785,4.6763038999999935
aws-a10g-4gpu,4,16,continuous,3,2,2,ok,,200,worker-0,prefix_affinity,5,4,512,128,128,0.1471365060001517,0.03682867983464592,4.824378845000183
aws-a10g-4gpu,4,16,continuous,3,3,3,ok,,200,worker-0,prefix_affinity,2,1,512,128,128,0.10407916600001954,0.036886650708662115,4.788683806000108
aws-a10g-4gpu,4,16,continuous,3,4,0,ok,,200,worker-2,prefix_affinity,2,1,512,128,128,0.09415518399987377,0.03638059627559142,4.714490910999984
aws-a10g-4gpu,4,16,continuous,3,5,1,ok,,200,worker-1,prefix_affinity,3,2,512,128,128,0.13460898099992846,0.03632027708661331,4.747284170999819
aws-a10g-4gpu,4,16,continuous,3,6,2,ok,,200,worker-0,prefix_affinity,3,2,512,128,128,0.1019514929998877,0.03688604195275637,4.786478820999946
aws-a10g-4gpu,4,16,continuous,3,7,3,ok,,200,worker-0,prefix_affinity,1,0,512,128,128,0.05946050500006095,0.03695471831495911,4.752709730999868
aws-a10g-4gpu,4,16,continuous,3,8,0,ok,,200,worker-2,prefix_affinity,4,3,512,128,128,0.13473471299994344,0.03634453529921338,4.750490696000043
aws-a10g-4gpu,4,16,continuous,3,9,1,ok,,200,worker-1,prefix_affinity,4,3,512,128,128,0.1330870589999904,0.036323323055116784,4.7461490869998215
aws-a10g-4gpu,4,16,continuous,3,10,2,ok,,200,worker-0,prefix_affinity,4,3,512,128,128,0.14215225499992812,0.03682692081889851,4.8191711990000385
aws-a10g-4gpu,4,16,continuous,3,11,3,ok,,200,worker-3,affinity_overridden_by_load,1,0,512,128,128,0.0717412650001279,0.03639788119685041,4.69427217700013
aws-a10g-4gpu,4,16,continuous,3,12,0,ok,,200,worker-2,prefix_affinity,3,2,512,128,128,0.13291163500002767,0.03634581666929223,4.748830352000141
aws-a10g-4gpu,4,16,continuous,3,13,1,ok,,200,worker-1,prefix_affinity,2,1,512,128,128,0.13025842199999715,0.03632287398425354,4.743263418000197
aws-a10g-4gpu,4,16,continuous,3,14,2,ok,,200,worker-3,affinity_overridden_by_load,3,2,512,128,128,0.11247424800012595,0.036353591866140136,4.729380414999923
aws-a10g-4gpu,4,16,continuous,3,15,3,ok,,200,worker-3,affinity_overridden_by_load,2,1,512,128,128,0.111486098000114,0.03635298807086556,4.72831558300004
aws-a10g-4gpu,4,16,continuous,4,0,0,ok,,200,worker-2,prefix_affinity,1,0,512,128,128,0.05704703600008543,0.03640041924409447,4.6799002800000835
aws-a10g-4gpu,4,16,continuous,4,1,1,ok,,200,worker-1,prefix_affinity,1,0,512,128,128,0.05768771800012473,0.036353562614173045,4.674590170000101
aws-a10g-4gpu,4,16,continuous,4,2,2,ok,,200,worker-0,prefix_affinity,5,4,512,128,128,0.14612218599995686,0.03683100841732177,4.823660254999822
aws-a10g-4gpu,4,16,continuous,4,3,3,ok,,200,worker-0,prefix_affinity,2,1,512,128,128,0.10317378800004917,0.03688488430708727,4.787554095000132
aws-a10g-4gpu,4,16,continuous,4,4,0,ok,,200,worker-2,prefix_affinity,2,1,512,128,128,0.09349287999998523,0.03637656089763798,4.713316114000008
aws-a10g-4gpu,4,16,continuous,4,5,1,ok,,200,worker-1,prefix_affinity,3,2,512,128,128,0.1318258229998719,0.03632110299999986,4.7446059039998545
aws-a10g-4gpu,4,16,continuous,4,6,2,ok,,200,worker-0,prefix_affinity,3,2,512,128,128,0.10101507399986076,0.036884371456694216,4.785330249000026
aws-a10g-4gpu,4,16,continuous,4,7,3,ok,,200,worker-0,prefix_affinity,1,0,512,128,128,0.058663338000087606,0.036932734803149216,4.749120658000038
aws-a10g-4gpu,4,16,continuous,4,8,0,ok,,200,worker-2,prefix_affinity,4,3,512,128,128,0.13337119500010886,0.03634313889763754,4.748949835000076
aws-a10g-4gpu,4,16,continuous,4,9,1,ok,,200,worker-1,prefix_affinity,4,3,512,128,128,0.13028293100001065,0.03632357447244123,4.7433768890000465
aws-a10g-4gpu,4,16,continuous,4,10,2,ok,,200,worker-0,prefix_affinity,4,3,512,128,128,0.14107144200011135,0.036829511614173034,4.8184194170000865
aws-a10g-4gpu,4,16,continuous,4,11,3,ok,,200,worker-3,affinity_overridden_by_load,1,0,512,128,128,0.06579266400012784,0.036397173322833494,4.688233675999982
aws-a10g-4gpu,4,16,continuous,4,12,0,ok,,200,worker-2,prefix_affinity,3,2,512,128,128,0.13156172800017885,0.036342698968503,4.74708449700006
aws-a10g-4gpu,4,16,continuous,4,13,1,ok,,200,worker-1,prefix_affinity,2,1,512,128,128,0.12763619699990159,0.036320276212597855,4.740311275999829
aws-a10g-4gpu,4,16,continuous,4,14,2,ok,,200,worker-3,affinity_overridden_by_load,3,2,512,128,128,0.10892293599999903,0.036329462496063225,4.722764673000029
aws-a10g-4gpu,4,16,continuous,4,15,3,ok,,200,worker-3,affinity_overridden_by_load,2,1,512,128,128,0.10807653799997752,0.03632869216535506,4.72182044300007
aws-a10g-4gpu,4,32,continuous,0,0,0,ok,,200,worker-2,prefix_affinity,1,0,512,128,128,0.08161837400007244,0.037228222960629505,4.80960269000002
aws-a10g-4gpu,4,32,continuous,0,1,1,ok,,200,worker-1,prefix_affinity,1,0,512,128,128,0.08323103699990497,0.03913652925984397,5.053570253000089
aws-a10g-4gpu,4,32,continuous,0,2,2,ok,,200,worker-3,affinity_overridden_by_load,1,0,512,128,128,0.11444607499993253,0.037344341669291306,4.857177466999929
aws-a10g-4gpu,4,32,continuous,0,3,3,ok,,200,worker-0,prefix_affinity,2,1,512,128,128,0.13754725500007225,0.039062513716535394,5.098486497000067
aws-a10g-4gpu,4,32,continuous,0,4,0,ok,,200,worker-2,prefix_affinity,2,1,512,128,128,0.11873242499996195,0.03717865492125935,4.8404215999999
aws-a10g-4gpu,4,32,continuous,0,5,1,ok,,200,worker-1,prefix_affinity,9,8,512,128,128,0.2408167979999689,0.03901606290551136,5.1958567869999115
aws-a10g-4gpu,4,32,continuous,0,6,2,ok,,200,worker-0,prefix_affinity,3,2,512,128,128,0.16715780000004088,0.03910983885826703,5.134107334999953
aws-a10g-4gpu,4,32,continuous,0,7,3,ok,,200,worker-0,prefix_affinity,1,0,512,128,128,0.0858291619999818,0.03913806833858198,5.056363840999893
aws-a10g-4gpu,4,32,continuous,0,8,0,ok,,200,worker-2,prefix_affinity,6,5,512,128,128,0.23334355299994058,0.037099923212598175,4.945033800999909
aws-a10g-4gpu,4,32,continuous,0,9,1,ok,,200,worker-1,prefix_affinity,7,6,512,128,128,0.23742226799981836,0.039026365480315614,5.193770683999901
aws-a10g-4gpu,4,32,continuous,0,10,2,ok,,200,worker-0,prefix_affinity,4,3,512,128,128,0.16374427799996738,0.03911137156692921,5.130888466999977
aws-a10g-4gpu,4,32,continuous,0,11,3,ok,,200,worker-3,affinity_overridden_by_load,7,6,512,128,128,0.2621974419998878,0.037256134559055944,4.993726530999993
aws-a10g-4gpu,4,32,continuous,0,12,0,ok,,200,worker-2,prefix_affinity,3,2,512,128,128,0.1439135670000269,0.037207798362203,4.869303958999808
aws-a10g-4gpu,4,32,continuous,0,13,1,ok,,200,worker-1,prefix_affinity,4,3,512,128,128,0.18574890500008223,0.039120441456692946,5.154044970000086
aws-a10g-4gpu,4,32,continuous,0,14,2,ok,,200,worker-0,prefix_affinity,8,7,512,128,128,0.24566535899998598,0.03900243496062955,5.198974598999939
aws-a10g-4gpu,4,32,continuous,0,15,3,ok,,200,worker-0,prefix_affinity,9,8,512,128,128,0.2445738059998348,0.03899945703149634,5.19750484899987
aws-a10g-4gpu,4,32,continuous,0,16,0,ok,,200,worker-3,affinity_overridden_by_load,2,1,512,128,128,0.17376338600001873,0.03735278176377971,4.917566670000042
aws-a10g-4gpu,4,32,continuous,0,17,1,ok,,200,worker-1,prefix_affinity,2,1,512,128,128,0.13797376299999087,0.039170226519685256,5.112592531000018
aws-a10g-4gpu,4,32,continuous,0,18,2,ok,,200,worker-3,affinity_overridden_by_load,3,2,512,128,128,0.17185861699999805,0.0373587869291323,4.9164245569998
aws-a10g-4gpu,4,32,continuous,0,19,3,ok,,200,worker-0,prefix_affinity,7,6,512,128,128,0.2419162609999148,0.038988280188975946,5.19342784499986
aws-a10g-4gpu,4,32,continuous,0,20,0,ok,,200,worker-2,prefix_affinity,7,6,512,128,128,0.22314730100015367,0.037100581968503306,4.9349212110000735
aws-a10g-4gpu,4,32,continuous,0,21,1,ok,,200,worker-1,prefix_affinity,6,5,512,128,128,0.227499810999916,0.039017740740157354,5.1827528849999
aws-a10g-4gpu,4,32,continuous,0,22,2,ok,,200,worker-3,affinity_overridden_by_load,4,3,512,128,128,0.20856949900007749,0.037318565228346645,4.948027283000101
aws-a10g-4gpu,4,32,continuous,0,23,3,ok,,200,worker-0,prefix_affinity,5,4,512,128,128,0.15233456199985085,0.03910944822047258,5.119234485999868
aws-a10g-4gpu,4,32,continuous,0,24,0,ok,,200,worker-2,prefix_affinity,4,3,512,128,128,0.17889834300012808,0.037144176566929615,4.896208767000189
aws-a10g-4gpu,4,32,continuous,0,25,1,ok,,200,worker-1,prefix_affinity,5,4,512,128,128,0.1749884020000536,0.03911900127559062,5.143101564000062
aws-a10g-4gpu,4,32,continuous,0,26,2,ok,,200,worker-3,affinity_overridden_by_load,6,5,512,128,128,0.24926684399997612,0.03726844434645607,4.982359275999897
aws-a10g-4gpu,4,32,continuous,0,27,3,ok,,200,worker-0,prefix_affinity,6,5,512,128,128,0.18952935399988746,0.039064659724408916,5.15074113899982
aws-a10g-4gpu,4,32,continuous,0,28,0,ok,,200,worker-2,prefix_affinity,5,4,512,128,128,0.17549063199999182,0.037150028503937726,4.893544252000083
aws-a10g-4gpu,4,32,continuous,0,29,1,ok,,200,worker-1,prefix_affinity,8,7,512,128,128,0.22212059999992562,0.03901650464567006,5.177216690000023
aws-a10g-4gpu,4,32,continuous,0,30,2,ok,,200,worker-3,affinity_overridden_by_load,5,4,512,128,128,0.24739197399981094,0.037262096181103606,4.979678188999969
aws-a10g-4gpu,4,32,continuous,0,31,3,ok,,200,worker-1,affinity_overridden_by_load,3,2,512,128,128,0.17111961199998404,0.03911914253543241,5.1392507139999
aws-a10g-4gpu,4,32,continuous,1,0,0,ok,,200,worker-2,prefix_affinity,1,0,512,128,128,0.07624615999998241,0.03723736055905654,4.805390951000163
aws-a10g-4gpu,4,32,continuous,1,1,1,ok,,200,worker-1,prefix_affinity,1,0,512,128,128,0.07837433300005614,0.03920415826771713,5.057302433000132
aws-a10g-4gpu,4,32,continuous,1,2,2,ok,,200,worker-3,affinity_overridden_by_load,1,0,512,128,128,0.10522001200001796,0.037293720370077756,4.841522498999893
aws-a10g-4gpu,4,32,continuous,1,3,3,ok,,200,worker-0,prefix_affinity,2,1,512,128,128,0.12436604300000909,0.03913053833858383,5.093944412000155
aws-a10g-4gpu,4,32,continuous,1,4,0,ok,,200,worker-2,prefix_affinity,2,1,512,128,128,0.11580603899983544,0.037203052763781067,4.840593740000031
aws-a10g-4gpu,4,32,continuous,1,5,1,ok,,200,worker-1,prefix_affinity,9,8,512,128,128,0.23830610499999239,0.03903526039370062,5.195784174999972
aws-a10g-4gpu,4,32,continuous,1,6,2,ok,,200,worker-0,prefix_affinity,3,2,512,128,128,0.16159311499995965,0.039121414921259576,5.130012809999926
aws-a10g-4gpu,4,32,continuous,1,7,3,ok,,200,worker-0,prefix_affinity,1,0,512,128,128,0.08060961799992583,0.039163091992126225,5.0543223009999565
aws-a10g-4gpu,4,32,continuous,1,8,0,ok,,200,worker-2,prefix_affinity,6,5,512,128,128,0.23150576500006537,0.03710906856692926,4.944357473000082
aws-a10g-4gpu,4,32,continuous,1,9,1,ok,,200,worker-1,prefix_affinity,7,6,512,128,128,0.23715698099999827,0.03900291737795311,5.190527488000043
aws-a10g-4gpu,4,32,continuous,1,10,2,ok,,200,worker-0,prefix_affinity,4,3,512,128,128,0.1577935969999089,0.03912006032283526,5.1260412579999866
aws-a10g-4gpu,4,32,continuous,1,11,3,ok,,200,worker-3,affinity_overridden_by_load,7,6,512,128,128,0.2142800230001285,0.03725032341732168,4.945071096999982
aws-a10g-4gpu,4,32,continuous,1,12,0,ok,,200,worker-2,prefix_affinity,3,2,512,128,128,0.14550042599989865,0.03720491800787407,4.870525012999906
aws-a10g-4gpu,4,32,continuous,1,13,1,ok,,200,worker-1,prefix_affinity,4,3,512,128,128,0.1830319639998379,0.039141319181102675,5.153979499999878
aws-a10g-4gpu,4,32,continuous,1,14,2,ok,,200,worker-0,prefix_affinity,8,7,512,128,128,0.2413526359998741,0.03900579672440973,5.19508881999991
aws-a10g-4gpu,4,32,continuous,1,15,3,ok,,200,worker-0,prefix_affinity,9,8,512,128,128,0.24126054499993188,0.038994593188977154,5.193573880000031
aws-a10g-4gpu,4,32,continuous,1,16,0,ok,,200,worker-3,affinity_overridden_by_load,2,1,512,128,128,0.16642161400000077,0.03731403062992228,4.9053035040001305
aws-a10g-4gpu,4,32,continuous,1,17,1,ok,,200,worker-1,prefix_affinity,2,1,512,128,128,0.1361735350001254,0.03916966251968436,5.110720675000039
aws-a10g-4gpu,4,32,continuous,1,18,2,ok,,200,worker-3,affinity_overridden_by_load,3,2,512,128,128,0.16521861999990506,0.037304745314960794,4.902921274999926
aws-a10g-4gpu,4,32,continuous,1,19,3,ok,,200,worker-0,prefix_affinity,7,6,512,128,128,0.193871086000172,0.03906527982677132,5.1551616240001294
aws-a10g-4gpu,4,32,continuous,1,20,0,ok,,200,worker-2,prefix_affinity,7,6,512,128,128,0.22271929500016086,0.03709958025984189,4.934365988000081
aws-a10g-4gpu,4,32,continuous,1,21,1,ok,,200,worker-1,prefix_affinity,6,5,512,128,128,0.22781826999994337,0.039012325913387304,5.182383661000131
aws-a10g-4gpu,4,32,continuous,1,22,2,ok,,200,worker-3,affinity_overridden_by_load,4,3,512,128,128,0.16105610499994327,0.037315049070865663,4.900067336999882
aws-a10g-4gpu,4,32,continuous,1,23,3,ok,,200,worker-0,prefix_affinity,5,4,512,128,128,0.14842432499995084,0.03912806151181109,5.117688136999959
aws-a10g-4gpu,4,32,continuous,1,24,0,ok,,200,worker-2,prefix_affinity,4,3,512,128,128,0.13529188699999395,0.037212868637795944,4.861326204000079
aws-a10g-4gpu,4,32,continuous,1,25,1,ok,,200,worker-1,prefix_affinity,5,4,512,128,128,0.1725525589999961,0.03913510716535432,5.142711168999995
aws-a10g-4gpu,4,32,continuous,1,26,2,ok,,200,worker-3,affinity_overridden_by_load,6,5,512,128,128,0.20294521100004204,0.03723882428346404,4.932275894999975
aws-a10g-4gpu,4,32,continuous,1,27,3,ok,,200,worker-0,prefix_affinity,6,5,512,128,128,0.1871721779998552,0.039062889157480817,5.148159100999919
aws-a10g-4gpu,4,32,continuous,1,28,0,ok,,200,worker-2,prefix_affinity,5,4,512,128,128,0.1723117739998088,0.037160998842520755,4.891758626999945
aws-a10g-4gpu,4,32,continuous,1,29,1,ok,,200,worker-1,prefix_affinity,8,7,512,128,128,0.21902083000009043,0.03902606225984155,5.1753307369999675
aws-a10g-4gpu,4,32,continuous,1,30,2,ok,,200,worker-3,affinity_overridden_by_load,5,4,512,128,128,0.1986921140000959,0.03725214644881867,4.929714713000067
aws-a10g-4gpu,4,32,continuous,1,31,3,ok,,200,worker-1,affinity_overridden_by_load,3,2,512,128,128,0.16811163900001702,0.0391414489448813,5.139075654999942
aws-a10g-4gpu,4,32,continuous,2,0,0,ok,,200,worker-2,prefix_affinity,1,0,512,128,128,0.08273826499998904,0.03721210443307169,4.808675528000094
aws-a10g-4gpu,4,32,continuous,2,1,1,ok,,200,worker-1,prefix_affinity,1,0,512,128,128,0.08151255899997523,0.03911875362204707,5.049594268999954
aws-a10g-4gpu,4,32,continuous,2,2,2,ok,,200,worker-3,affinity_overridden_by_load,1,0,512,128,128,0.10643690100005188,0.03732807359842344,4.847102247999828
aws-a10g-4gpu,4,32,continuous,2,3,3,ok,,200,worker-0,prefix_affinity,2,1,512,128,128,0.12934054700008346,0.03909619848031515,5.094557754000107
aws-a10g-4gpu,4,32,continuous,2,4,0,ok,,200,worker-2,prefix_affinity,2,1,512,128,128,0.12098070799993366,0.03716956877952711,4.841515942999877
aws-a10g-4gpu,4,32,continuous,2,5,1,ok,,200,worker-1,prefix_affinity,9,8,512,128,128,0.2433499880000909,0.03898515888976377,5.194465167000089
aws-a10g-4gpu,4,32,continuous,2,6,2,ok,,200,worker-0,prefix_affinity,3,2,512,128,128,0.16280267799993453,0.039115975559056326,5.130531574000088
aws-a10g-4gpu,4,32,continuous,2,7,3,ok,,200,worker-0,prefix_affinity,1,0,512,128,128,0.08137353800020719,0.03915933224409383,5.054608733000123
aws-a10g-4gpu,4,32,continuous,2,8,0,ok,,200,worker-2,prefix_affinity,6,5,512,128,128,0.23681814399992618,0.03709180989763866,4.947478001000036
aws-a10g-4gpu,4,32,continuous,2,9,1,ok,,200,worker-1,prefix_affinity,7,6,512,128,128,0.23907550800004174,0.039004574590549734,5.192656480999858
aws-a10g-4gpu,4,32,continuous,2,10,2,ok,,200,worker-0,prefix_affinity,4,3,512,128,128,0.15917966300003172,0.03911498294488181,5.126782497000022
aws-a10g-4gpu,4,32,continuous,2,11,3,ok,,200,worker-3,affinity_overridden_by_load,7,6,512,128,128,0.25650593999989724,0.0372966626141748,4.993182092000097
aws-a10g-4gpu,4,32,continuous,2,12,0,ok,,200,worker-2,prefix_affinity,3,2,512,128,128,0.14870206799992047,0.03719654470078813,4.8726632450000125
aws-a10g-4gpu,4,32,continuous,2,13,1,ok,,200,worker-1,prefix_affinity,4,3,512,128,128,0.1833361710000645,0.039125456448818735,5.152269140000044
aws-a10g-4gpu,4,32,continuous,2,14,2,ok,,200,worker-0,prefix_affinity,8,7,512,128,128,0.24303791800002728,0.03899324586614164,5.195180143000016
aws-a10g-4gpu,4,32,continuous,2,15,3,ok,,200,worker-0,prefix_affinity,9,8,512,128,128,0.24120277799988799,0.03899609681102483,5.193707073000041
aws-a10g-4gpu,4,32,continuous,2,16,0,ok,,200,worker-3,affinity_overridden_by_load,2,1,512,128,128,0.16709741500017117,0.03735029550393561,4.910584943999993
aws-a10g-4gpu,4,32,continuous,2,17,1,ok,,200,worker-1,prefix_affinity,2,1,512,128,128,0.1367591230000471,0.03916628572440953,5.110877410000057
aws-a10g-4gpu,4,32,continuous,2,18,2,ok,,200,worker-3,affinity_overridden_by_load,3,2,512,128,128,0.1651480950001769,0.037350172740156354,4.908620033000034
aws-a10g-4gpu,4,32,continuous,2,19,3,ok,,200,worker-0,prefix_affinity,7,6,512,128,128,0.1947073819999332,0.03905736224409496,5.154992386999993
aws-a10g-4gpu,4,32,continuous,2,20,0,ok,,200,worker-2,prefix_affinity,7,6,512,128,128,0.22680751799998689,0.037091529275590715,4.937431736000008
aws-a10g-4gpu,4,32,continuous,2,21,1,ok,,200,worker-1,prefix_affinity,6,5,512,128,128,0.22909234200005812,0.039002005960629665,5.182347099000026
aws-a10g-4gpu,4,32,continuous,2,22,2,ok,,200,worker-3,affinity_overridden_by_load,4,3,512,128,128,0.20185463100006018,0.0373179097874011,4.941229174
aws-a10g-4gpu,4,32,continuous,2,23,3,ok,,200,worker-0,prefix_affinity,5,4,512,128,128,0.1495533479999267,0.039117786291340086,5.117512207000118
aws-a10g-4gpu,4,32,continuous,2,24,0,ok,,200,worker-2,prefix_affinity,4,3,512,128,128,0.13983600800020213,0.03718794829133791,4.8627054410001165
aws-a10g-4gpu,4,32,continuous,2,25,1,ok,,200,worker-1,prefix_affinity,5,4,512,128,128,0.17421773599994594,0.03912656308661435,5.143291247999969
aws-a10g-4gpu,4,32,continuous,2,26,2,ok,,200,worker-3,affinity_overridden_by_load,6,5,512,128,128,0.24376590700012457,0.03730039088976251,4.980915549999963
aws-a10g-4gpu,4,32,continuous,2,27,3,ok,,200,worker-0,prefix_affinity,6,5,512,128,128,0.18739049100008742,0.03906989551180991,5.1492672209999455
aws-a10g-4gpu,4,32,continuous,2,28,0,ok,,200,worker-2,prefix_affinity,5,4,512,128,128,0.17671341799996299,0.03715026875590597,4.894797550000021
aws-a10g-4gpu,4,32,continuous,2,29,1,ok,,200,worker-1,prefix_affinity,8,7,512,128,128,0.223845547999872,0.039003993937007986,5.177352777999886
aws-a10g-4gpu,4,32,continuous,2,30,2,ok,,200,worker-3,affinity_overridden_by_load,5,4,512,128,128,0.23983690499994736,0.03731132625196866,4.978375338999967
aws-a10g-4gpu,4,32,continuous,2,31,3,ok,,200,worker-1,affinity_overridden_by_load,3,2,512,128,128,0.16822228000000905,0.03912599443307102,5.137223573000028
aws-a10g-4gpu,4,32,continuous,3,0,0,ok,,200,worker-2,prefix_affinity,1,0,512,128,128,0.08566249099999368,0.03716500137007879,4.805617665
aws-a10g-4gpu,4,32,continuous,3,1,1,ok,,200,worker-1,prefix_affinity,1,0,512,128,128,0.08445223599983365,0.0390967311496075,5.049737091999987
aws-a10g-4gpu,4,32,continuous,3,2,2,ok,,200,worker-3,affinity_overridden_by_load,1,0,512,128,128,0.11607758499985721,0.03736331891338602,4.861219086999881
aws-a10g-4gpu,4,32,continuous,3,3,3,ok,,200,worker-0,prefix_affinity,2,1,512,128,128,0.16486685900008524,0.03912599497637773,5.133868221000057
aws-a10g-4gpu,4,32,continuous,3,4,0,ok,,200,worker-2,prefix_affinity,2,1,512,128,128,0.11761081700001341,0.03717398494488163,4.838706904999981
aws-a10g-4gpu,4,32,continuous,3,5,1,ok,,200,worker-1,prefix_affinity,9,8,512,128,128,0.24006260400005885,0.03902852588976381,5.196685392000063
aws-a10g-4gpu,4,32,continuous,3,6,2,ok,,200,worker-0,prefix_affinity,3,2,512,128,128,0.1611528720000024,0.03912439029921181,5.129950439999902
aws-a10g-4gpu,4,32,continuous,3,7,3,ok,,200,worker-0,prefix_affinity,1,0,512,128,128,0.08361117799995554,0.039134421614172306,5.053682722999838
aws-a10g-4gpu,4,32,continuous,3,8,0,ok,,200,worker-2,prefix_affinity,6,5,512,128,128,0.23493222799993418,0.037092989425197065,4.945741884999961
aws-a10g-4gpu,4,32,continuous,3,9,1,ok,,200,worker-1,prefix_affinity,7,6,512,128,128,0.23776688700013437,0.03901073285039353,5.192129959000113
aws-a10g-4gpu,4,32,continuous,3,10,2,ok,,200,worker-0,prefix_affinity,4,3,512,128,128,0.15959963000000243,0.0391276906063009,5.128816337000217
aws-a10g-4gpu,4,32,continuous,3,11,3,ok,,200,worker-3,affinity_overridden_by_load,7,6,512,128,128,0.22992636600019978,0.03728808129921249,4.965512691000185
aws-a10g-4gpu,4,32,continuous,3,12,0,ok,,200,worker-2,prefix_affinity,3,2,512,128,128,0.1879121419999592,0.037161149881890516,4.907378177000055
aws-a10g-4gpu,4,32,continuous,3,13,1,ok,,200,worker-1,prefix_affinity,4,3,512,128,128,0.18367378499988263,0.03912487755118183,5.152533233999975
aws-a10g-4gpu,4,32,continuous,3,14,2,ok,,200,worker-0,prefix_affinity,8,7,512,128,128,0.2416364059999978,0.03900055011811093,5.194706271000086
aws-a10g-4gpu,4,32,continuous,3,15,3,ok,,200,worker-0,prefix_affinity,9,8,512,128,128,0.24154577400008748,0.03898958509448783,5.193223081000042
aws-a10g-4gpu,4,32,continuous,3,16,0,ok,,200,worker-3,affinity_overridden_by_load,2,1,512,128,128,0.14009914999996909,0.03736441625196891,4.88538001400002
aws-a10g-4gpu,4,32,continuous,3,17,1,ok,,200,worker-1,prefix_affinity,2,1,512,128,128,0.1382861419999699,0.03916125452755883,5.111765466999941
aws-a10g-4gpu,4,32,continuous,3,18,2,ok,,200,worker-3,affinity_overridden_by_load,3,2,512,128,128,0.1820800320001581,0.03732604625984131,4.922487907000004
aws-a10g-4gpu,4,32,continuous,3,19,3,ok,,200,worker-0,prefix_affinity,7,6,512,128,128,0.19338616499999262,0.03906897025984208,5.155145387999937
aws-a10g-4gpu,4,32,continuous,3,20,0,ok,,200,worker-2,prefix_affinity,7,6,512,128,128,0.22521956900004625,0.03709157702362213,4.935849851000057
aws-a10g-4gpu,4,32,continuous,3,21,1,ok,,200,worker-1,prefix_affinity,6,5,512,128,128,0.2280313759999899,0.0390084854015737,5.18210902199985
aws-a10g-4gpu,4,32,continuous,3,22,2,ok,,200,worker-3,affinity_overridden_by_load,4,3,512,128,128,0.17951545899995835,0.037318230354331024,4.918930713999998
aws-a10g-4gpu,4,32,continuous,3,23,3,ok,,200,worker-0,prefix_affinity,5,4,512,128,128,0.14882220899994536,0.03912367902362205,5.1175294449999456
aws-a10g-4gpu,4,32,continuous,3,24,0,ok,,200,worker-2,prefix_affinity,4,3,512,128,128,0.17883888500000467,0.037174162905511204,4.899957573999927
aws-a10g-4gpu,4,32,continuous,3,25,1,ok,,200,worker-1,prefix_affinity,5,4,512,128,128,0.1752265410000291,0.03912292271653622,5.143837726000129
aws-a10g-4gpu,4,32,continuous,3,26,2,ok,,200,worker-3,affinity_overridden_by_load,6,5,512,128,128,0.2179735890001666,0.037287844527558206,4.953529844000059
aws-a10g-4gpu,4,32,continuous,3,27,3,ok,,200,worker-0,prefix_affinity,6,5,512,128,128,0.18692378199989435,0.039066043826771535,5.148311347999879
aws-a10g-4gpu,4,32,continuous,3,28,0,ok,,200,worker-2,prefix_affinity,5,4,512,128,128,0.17606759799991778,0.03717748446456784,4.897608125000033
aws-a10g-4gpu,4,32,continuous,3,29,1,ok,,200,worker-1,prefix_affinity,8,7,512,128,128,0.22240252000005967,0.039014305598425204,5.17721933100006
aws-a10g-4gpu,4,32,continuous,3,30,2,ok,,200,worker-3,affinity_overridden_by_load,5,4,512,128,128,0.21581720600011067,0.03727035243307043,4.9491519650000555
aws-a10g-4gpu,4,32,continuous,3,31,3,ok,,200,worker-1,affinity_overridden_by_load,3,2,512,128,128,0.17017347700016217,0.03912569450393654,5.139136679000103
aws-a10g-4gpu,4,32,continuous,4,0,0,ok,,200,worker-2,prefix_affinity,1,0,512,128,128,0.07903703500005577,0.03723847973228336,4.808323961000042
aws-a10g-4gpu,4,32,continuous,4,1,1,ok,,200,worker-1,prefix_affinity,1,0,512,128,128,0.07964172699985284,0.03912712477165404,5.048786572999916
aws-a10g-4gpu,4,32,continuous,4,2,2,ok,,200,worker-3,affinity_overridden_by_load,1,0,512,128,128,0.10488762499994664,0.03731802711810965,4.844277068999872
aws-a10g-4gpu,4,32,continuous,4,3,3,ok,,200,worker-0,prefix_affinity,2,1,512,128,128,0.12206448799997816,0.03914989200787448,5.0941007730000365
aws-a10g-4gpu,4,32,continuous,4,4,0,ok,,200,worker-2,prefix_affinity,2,1,512,128,128,0.11485117999995964,0.037210072614171856,4.840530401999786
aws-a10g-4gpu,4,32,continuous,4,5,1,ok,,200,worker-1,prefix_affinity,9,8,512,128,128,0.240030003000129,0.03901990744881778,5.195558248999987
aws-a10g-4gpu,4,32,continuous,4,6,2,ok,,200,worker-0,prefix_affinity,3,2,512,128,128,0.1626542630001495,0.03911872978740103,5.13073294600008
aws-a10g-4gpu,4,32,continuous,4,7,3,ok,,200,worker-0,prefix_affinity,1,0,512,128,128,0.08196325499989143,0.03914770999212639,5.053722423999943
aws-a10g-4gpu,4,32,continuous,4,8,0,ok,,200,worker-2,prefix_affinity,6,5,512,128,128,0.23468099300021095,0.03708989470866022,4.945097621000059
aws-a10g-4gpu,4,32,continuous,4,9,1,ok,,200,worker-1,prefix_affinity,7,6,512,128,128,0.23552996100011114,0.03902474801574728,5.191672959000016
aws-a10g-4gpu,4,32,continuous,4,10,2,ok,,200,worker-0,prefix_affinity,4,3,512,128,128,0.15885760499986645,0.03911896034645634,5.126965568999822
aws-a10g-4gpu,4,32,continuous,4,11,3,ok,,200,worker-3,affinity_overridden_by_load,7,6,512,128,128,0.21340066600009777,0.03727121135432925,4.946844507999913
aws-a10g-4gpu,4,32,continuous,4,12,0,ok,,200,worker-2,prefix_affinity,3,2,512,128,128,0.14654754200000752,0.03719882151181189,4.870797874000118
aws-a10g-4gpu,4,32,continuous,4,13,1,ok,,200,worker-1,prefix_affinity,4,3,512,128,128,0.18336617799991473,0.03912961104724422,5.152826780999931
aws-a10g-4gpu,4,32,continuous,4,14,2,ok,,200,worker-0,prefix_affinity,8,7,512,128,128,0.24231540000005225,0.0389978551023615,5.195042997999963
aws-a10g-4gpu,4,32,continuous,4,15,3,ok,,200,worker-0,prefix_affinity,9,8,512,128,128,0.24222186800011514,0.03898715606299189,5.193590688000086
aws-a10g-4gpu,4,32,continuous,4,16,0,ok,,200,worker-3,affinity_overridden_by_load,2,1,512,128,128,0.16573586599997725,0.03733318656692944,4.907050560000016
aws-a10g-4gpu,4,32,continuous,4,17,1,ok,,200,worker-1,prefix_affinity,2,1,512,128,128,0.13656164700000772,0.03916432655118057,5.110431118999941
aws-a10g-4gpu,4,32,continuous,4,18,2,ok,,200,worker-3,affinity_overridden_by_load,3,2,512,128,128,0.16368325400003414,0.03734365095275587,4.90632692500003
aws-a10g-4gpu,4,32,continuous,4,19,3,ok,,200,worker-0,prefix_affinity,7,6,512,128,128,0.19349971700012247,0.03906307612598403,5.154510385000094
aws-a10g-4gpu,4,32,continuous,4,20,0,ok,,200,worker-2,prefix_affinity,7,6,512,128,128,0.2249689440000111,0.03709577403936946,4.936132246999932
aws-a10g-4gpu,4,32,continuous,4,21,1,ok,,200,worker-1,prefix_affinity,6,5,512,128,128,0.2277018100000987,0.03900687198425142,5.181574552000029
aws-a10g-4gpu,4,32,continuous,4,22,2,ok,,200,worker-3,affinity_overridden_by_load,4,3,512,128,128,0.16129741500003547,0.03733455965354415,4.902786491000143
aws-a10g-4gpu,4,32,continuous,4,23,3,ok,,200,worker-0,prefix_affinity,5,4,512,128,128,0.1481625950000307,0.039117081251969305,5.116031914000132
aws-a10g-4gpu,4,32,continuous,4,24,0,ok,,200,worker-2,prefix_affinity,4,3,512,128,128,0.13755247799986137,0.03719893033070992,4.861816630000021
aws-a10g-4gpu,4,32,continuous,4,25,1,ok,,200,worker-1,prefix_affinity,5,4,512,128,128,0.1734602450001148,0.039124552267716224,5.142278383000075
aws-a10g-4gpu,4,32,continuous,4,26,2,ok,,200,worker-3,affinity_overridden_by_load,6,5,512,128,128,0.20206028200004766,0.0372719835748027,4.935602195999991
aws-a10g-4gpu,4,32,continuous,4,27,3,ok,,200,worker-0,prefix_affinity,6,5,512,128,128,0.18784858999993048,0.0390638677244094,5.148959790999925
aws-a10g-4gpu,4,32,continuous,4,28,0,ok,,200,worker-2,prefix_affinity,5,4,512,128,128,0.1736493190001056,0.03716392434645653,4.893467711000085
aws-a10g-4gpu,4,32,continuous,4,29,1,ok,,200,worker-1,prefix_affinity,8,7,512,128,128,0.2193812190000699,0.03901151837007858,5.1738440520000495
aws-a10g-4gpu,4,32,continuous,4,30,2,ok,,200,worker-3,affinity_overridden_by_load,5,4,512,128,128,0.198872566999853,0.037258645031496646,4.930720485999927
aws-a10g-4gpu,4,32,continuous,4,31,3,ok,,200,worker-1,affinity_overridden_by_load,3,2,512,128,128,0.16826265800000328,0.03912704035433057,5.137396782999986
